{
  "contract_name": "andromeda-economics",
  "contract_version": "1.0.0",
  "idl_version": "1.0.0",
  "instantiate": {
    "$schema": "http://json-schema.org/draft-07/schema#",
    "title": "InstantiateMsg",
    "type": "object",
    "required": [
      "kernel_address"
    ],
    "properties": {
      "kernel_address": {
        "description": "Address of the Kernel contract on chain",
        "type": "string"
      },
      "owner": {
        "type": [
          "string",
          "null"
        ]
      }
    },
    "additionalProperties": false
  },
  "execute": {
    "$schema": "http://json-schema.org/draft-07/schema#",
    "title": "ExecuteMsg",
    "oneOf": [
      {
        "description": "Deposit funds to be used by the Andromeda economics module to pay for ADO fees.\n\nAn optional valid VFS path can be provided to deposit funds on behalf of another address.",
        "type": "object",
        "required": [
          "deposit"
        ],
        "properties": {
          "deposit": {
            "type": "object",
            "properties": {
              "address": {
                "anyOf": [
                  {
                    "$ref": "#/definitions/AndrAddr"
                  },
                  {
                    "type": "null"
                  }
                ]
              }
            },
            "additionalProperties": false
          }
        },
        "additionalProperties": false
      },
      {
        "description": "Pay a fee for the given action. The sender must be a valid ADO contract.\n\nFees are paid in the following fallthrough priority: 1. The balance of the ADO contract itself 2. The balance of the App contract for the ADO 3. The provided payee address",
        "type": "object",
        "required": [
          "pay_fee"
        ],
        "properties": {
          "pay_fee": {
            "type": "object",
            "required": [
              "action",
              "payee"
            ],
            "properties": {
              "action": {
                "type": "string"
              },
              "payee": {
                "$ref": "#/definitions/Addr"
              }
            },
            "additionalProperties": false
          }
        },
        "additionalProperties": false
      },
      {
        "description": "Withdraw native funds from the Andromeda economics module.\n\nIf no amount is provided all funds are withdrawn for the given asset.",
        "type": "object",
        "required": [
          "withdraw"
        ],
        "properties": {
          "withdraw": {
            "type": "object",
            "required": [
              "asset"
            ],
            "properties": {
              "amount": {
                "anyOf": [
                  {
                    "$ref": "#/definitions/Uint128"
                  },
                  {
                    "type": "null"
                  }
                ]
              },
              "asset": {
                "type": "string"
              }
            },
            "additionalProperties": false
          }
        },
        "additionalProperties": false
      },
      {
        "description": "Withdraw CW20 funds from the Andromeda economics module.\n\nIf no amount is provided all funds are withdrawn for the given asset.",
        "type": "object",
        "required": [
          "withdraw_cw20"
        ],
        "properties": {
          "withdraw_cw20": {
            "type": "object",
            "required": [
              "asset"
            ],
            "properties": {
              "amount": {
                "anyOf": [
                  {
                    "$ref": "#/definitions/Uint128"
                  },
                  {
                    "type": "null"
                  }
                ]
              },
              "asset": {
                "type": "string"
              }
            },
            "additionalProperties": false
          }
        },
        "additionalProperties": false
      },
      {
        "type": "object",
        "required": [
          "receive"
        ],
        "properties": {
          "receive": {
            "$ref": "#/definitions/Cw20ReceiveMsg"
          }
        },
        "additionalProperties": false
      },
      {
        "type": "object",
        "required": [
          "ownership"
        ],
        "properties": {
          "ownership": {
            "$ref": "#/definitions/OwnershipMessage"
          }
        },
        "additionalProperties": false
      }
    ],
    "definitions": {
      "Addr": {
        "description": "A human readable address.\n\nIn Cosmos, this is typically bech32 encoded. But for multi-chain smart contracts no assumptions should be made other than being UTF-8 encoded and of reasonable length.\n\nThis type represents a validated address. It can be created in the following ways 1. Use `Addr::unchecked(input)` 2. Use `let checked: Addr = deps.api.addr_validate(input)?` 3. Use `let checked: Addr = deps.api.addr_humanize(canonical_addr)?` 4. Deserialize from JSON. This must only be done from JSON that was validated before such as a contract's state. `Addr` must not be used in messages sent by the user because this would result in unvalidated instances.\n\nThis type is immutable. If you really need to mutate it (Really? Are you sure?), create a mutable copy using `let mut mutable = Addr::to_string()` and operate on that `String` instance.",
        "type": "string"
      },
      "AndrAddr": {
        "description": "An address that can be used within the Andromeda ecosystem. Inspired by the cosmwasm-std `Addr` type. https://github.com/CosmWasm/cosmwasm/blob/2a1c698520a1aacedfe3f4803b0d7d653892217a/packages/std/src/addresses.rs#L33\n\nThis address can be one of two things: 1. A valid human readable address e.g. `cosmos1...` 2. A valid Andromeda VFS path e.g. `/home/user/app/component`\n\nVFS paths can be local in the case of an app and can be done by referencing `./component` they can also contain protocols for cross chain communication. A VFS path is usually structured as so:\n\n`<protocol>://<chain (required if ibc used)>/<path>` or `ibc://cosmoshub-4/user/app/component`",
        "type": "string",
        "pattern": "(^((([A-Za-z0-9]+://)?([A-Za-z0-9.\\-_]{2,80}/)))?((~[a-z0-9]{2,}|(lib|home))(/[A-Za-z0-9.\\-_]{2,80}?)*(/)?)$)|(^(~[a-z0-9]{2,}|/(lib|home))(/[A-Za-z0-9.\\-_]{2,80}?)*(/)?$)|(^[a-z0-9]{2,}$)|(^\\.(/[A-Za-z0-9.\\-_]{2,40}?)*(/)?$)"
      },
      "Binary": {
        "description": "Binary is a wrapper around Vec<u8> to add base64 de/serialization with serde. It also adds some helper methods to help encode inline.\n\nThis is only needed as serde-json-{core,wasm} has a horrible encoding for Vec<u8>. See also <https://github.com/CosmWasm/cosmwasm/blob/main/docs/MESSAGE_TYPES.md>.",
        "type": "string"
      },
      "Cw20ReceiveMsg": {
        "description": "Cw20ReceiveMsg should be de/serialized under `Receive()` variant in a ExecuteMsg",
        "type": "object",
        "required": [
          "amount",
          "msg",
          "sender"
        ],
        "properties": {
          "amount": {
            "$ref": "#/definitions/Uint128"
          },
          "msg": {
            "$ref": "#/definitions/Binary"
          },
          "sender": {
            "type": "string"
          }
        },
        "additionalProperties": false
      },
      "Milliseconds": {
        "description": "Represents time in milliseconds.",
        "type": "integer",
        "format": "uint64",
        "minimum": 0.0
      },
      "OwnershipMessage": {
        "oneOf": [
          {
            "type": "string",
            "enum": [
              "revoke_ownership_offer",
              "accept_ownership",
              "disown"
            ]
          },
          {
            "type": "object",
            "required": [
              "update_owner"
            ],
            "properties": {
              "update_owner": {
                "type": "object",
                "required": [
                  "new_owner"
                ],
                "properties": {
                  "expiration": {
                    "anyOf": [
                      {
                        "$ref": "#/definitions/Milliseconds"
                      },
                      {
                        "type": "null"
                      }
                    ]
                  },
                  "new_owner": {
                    "$ref": "#/definitions/Addr"
                  }
                },
                "additionalProperties": false
              }
            },
            "additionalProperties": false
          }
        ]
      },
      "Uint128": {
        "description": "A thin wrapper around u128 that is using strings for JSON encoding/decoding, such that the full u128 range can be used for clients that convert JSON numbers to floats, like JavaScript and jq.\n\n# Examples\n\nUse `from` to create instances of this and `u128` to get the value out:\n\n``` # use cosmwasm_std::Uint128; let a = Uint128::from(123u128); assert_eq!(a.u128(), 123);\n\nlet b = Uint128::from(42u64); assert_eq!(b.u128(), 42);\n\nlet c = Uint128::from(70u32); assert_eq!(c.u128(), 70); ```",
        "type": "string"
      }
    }
  },
  "query": {
    "$schema": "http://json-schema.org/draft-07/schema#",
    "title": "QueryMsg",
    "oneOf": [
      {
        "description": "Queries the current balance for a given AndrAddr and asset tuple\n\nReturns a `Uint128` representing the current balance",
        "type": "object",
        "required": [
          "balance"
        ],
        "properties": {
          "balance": {
            "type": "object",
            "required": [
              "address",
              "asset"
            ],
            "properties": {
              "address": {
                "$ref": "#/definitions/AndrAddr"
              },
              "asset": {
                "type": "string"
              }
            },
            "additionalProperties": false
          }
        },
        "additionalProperties": false
      },
      {
        "type": "object",
        "required": [
          "version"
        ],
        "properties": {
          "version": {
            "type": "object",
            "additionalProperties": false
          }
        },
        "additionalProperties": false
      },
      {
        "type": "object",
        "required": [
          "type"
        ],
        "properties": {
          "type": {
            "type": "object",
            "additionalProperties": false
          }
        },
        "additionalProperties": false
      },
      {
        "type": "object",
        "required": [
          "owner"
        ],
        "properties": {
          "owner": {
            "type": "object",
            "additionalProperties": false
          }
        },
        "additionalProperties": false
      },
      {
        "type": "object",
        "required": [
          "kernel_address"
        ],
        "properties": {
          "kernel_address": {
            "type": "object",
            "additionalProperties": false
          }
        },
        "additionalProperties": false
      }
    ],
    "definitions": {
      "AndrAddr": {
        "description": "An address that can be used within the Andromeda ecosystem. Inspired by the cosmwasm-std `Addr` type. https://github.com/CosmWasm/cosmwasm/blob/2a1c698520a1aacedfe3f4803b0d7d653892217a/packages/std/src/addresses.rs#L33\n\nThis address can be one of two things: 1. A valid human readable address e.g. `cosmos1...` 2. A valid Andromeda VFS path e.g. `/home/user/app/component`\n\nVFS paths can be local in the case of an app and can be done by referencing `./component` they can also contain protocols for cross chain communication. A VFS path is usually structured as so:\n\n`<protocol>://<chain (required if ibc used)>/<path>` or `ibc://cosmoshub-4/user/app/component`",
        "type": "string",
        "pattern": "(^((([A-Za-z0-9]+://)?([A-Za-z0-9.\\-_]{2,80}/)))?((~[a-z0-9]{2,}|(lib|home))(/[A-Za-z0-9.\\-_]{2,80}?)*(/)?)$)|(^(~[a-z0-9]{2,}|/(lib|home))(/[A-Za-z0-9.\\-_]{2,80}?)*(/)?$)|(^[a-z0-9]{2,}$)|(^\\.(/[A-Za-z0-9.\\-_]{2,40}?)*(/)?$)"
      }
    }
  },
  "migrate": null,
  "sudo": null,
  "responses": {
    "balance": {
      "$schema": "http://json-schema.org/draft-07/schema#",
      "title": "Uint128",
      "description": "A thin wrapper around u128 that is using strings for JSON encoding/decoding, such that the full u128 range can be used for clients that convert JSON numbers to floats, like JavaScript and jq.\n\n# Examples\n\nUse `from` to create instances of this and `u128` to get the value out:\n\n``` # use cosmwasm_std::Uint128; let a = Uint128::from(123u128); assert_eq!(a.u128(), 123);\n\nlet b = Uint128::from(42u64); assert_eq!(b.u128(), 42);\n\nlet c = Uint128::from(70u32); assert_eq!(c.u128(), 70); ```",
      "type": "string"
    },
    "kernel_address": {
      "$schema": "http://json-schema.org/draft-07/schema#",
      "title": "KernelAddressResponse",
      "type": "object",
      "required": [
        "kernel_address"
      ],
      "properties": {
        "kernel_address": {
          "$ref": "#/definitions/Addr"
        }
      },
      "additionalProperties": false,
      "definitions": {
        "Addr": {
          "description": "A human readable address.\n\nIn Cosmos, this is typically bech32 encoded. But for multi-chain smart contracts no assumptions should be made other than being UTF-8 encoded and of reasonable length.\n\nThis type represents a validated address. It can be created in the following ways 1. Use `Addr::unchecked(input)` 2. Use `let checked: Addr = deps.api.addr_validate(input)?` 3. Use `let checked: Addr = deps.api.addr_humanize(canonical_addr)?` 4. Deserialize from JSON. This must only be done from JSON that was validated before such as a contract's state. `Addr` must not be used in messages sent by the user because this would result in unvalidated instances.\n\nThis type is immutable. If you really need to mutate it (Really? Are you sure?), create a mutable copy using `let mut mutable = Addr::to_string()` and operate on that `String` instance.",
          "type": "string"
        }
      }
    },
    "owner": {
      "$schema": "http://json-schema.org/draft-07/schema#",
      "title": "ContractOwnerResponse",
      "type": "object",
      "required": [
        "owner"
      ],
      "properties": {
        "owner": {
          "type": "string"
        }
      },
      "additionalProperties": false
    },
    "type": {
      "$schema": "http://json-schema.org/draft-07/schema#",
      "title": "TypeResponse",
      "type": "object",
      "required": [
        "ado_type"
      ],
      "properties": {
        "ado_type": {
          "type": "string"
        }
      },
      "additionalProperties": false
    },
    "version": {
      "$schema": "http://json-schema.org/draft-07/schema#",
      "title": "VersionResponse",
      "type": "object",
      "required": [
        "version"
      ],
      "properties": {
        "version": {
          "type": "string"
        }
      },
      "additionalProperties": false
    }
  }
}
