{
  "$schema": "http://json-schema.org/draft-07/schema#",
  "title": "cw20receive",
  "oneOf": [
    {
      "description": "Starts a sale",
      "type": "object",
      "required": [
        "start_sale"
      ],
      "properties": {
        "start_sale": {
          "type": "object",
          "required": [
            "asset",
            "exchange_rate"
          ],
          "properties": {
            "asset": {
              "description": "The asset that may be used to purchase tokens",
              "allOf": [
                {
                  "$ref": "#/definitions/AssetInfoBase_for_Addr"
                }
              ]
            },
            "duration": {
              "anyOf": [
                {
                  "$ref": "#/definitions/Milliseconds"
                },
                {
                  "type": "null"
                }
              ]
            },
            "exchange_rate": {
              "description": "The amount of the above asset required to purchase a single token",
              "allOf": [
                {
                  "$ref": "#/definitions/Uint128"
                }
              ]
            },
            "recipient": {
              "description": "The recipient of the sale proceeds Sender is used if `None` provided",
              "type": [
                "string",
                "null"
              ]
            },
            "start_time": {
              "anyOf": [
                {
                  "$ref": "#/definitions/Milliseconds"
                },
                {
                  "type": "null"
                }
              ]
            }
          },
          "additionalProperties": false
        }
      },
      "additionalProperties": false
    },
    {
      "description": "Purchases tokens",
      "type": "object",
      "required": [
        "purchase"
      ],
      "properties": {
        "purchase": {
          "type": "object",
          "properties": {
            "recipient": {
              "description": "Optional recipient to purchase on behalf of another address",
              "type": [
                "string",
                "null"
              ]
            }
          },
          "additionalProperties": false
        }
      },
      "additionalProperties": false
    }
  ],
  "definitions": {
    "Addr": {
      "description": "A human readable address.\n\nIn Cosmos, this is typically bech32 encoded. But for multi-chain smart contracts no assumptions should be made other than being UTF-8 encoded and of reasonable length.\n\nThis type represents a validated address. It can be created in the following ways 1. Use `Addr::unchecked(input)` 2. Use `let checked: Addr = deps.api.addr_validate(input)?` 3. Use `let checked: Addr = deps.api.addr_humanize(canonical_addr)?` 4. Deserialize from JSON. This must only be done from JSON that was validated before such as a contract's state. `Addr` must not be used in messages sent by the user because this would result in unvalidated instances.\n\nThis type is immutable. If you really need to mutate it (Really? Are you sure?), create a mutable copy using `let mut mutable = Addr::to_string()` and operate on that `String` instance.",
      "type": "string"
    },
    "AssetInfoBase_for_Addr": {
      "description": "Represents the type of an fungible asset.\n\nEach **asset info** instance can be one of three variants:\n\n- Native SDK coins. To create an **asset info** instance of this type, provide the denomination. - CW20 tokens. To create an **asset info** instance of this type, provide the contract address.",
      "oneOf": [
        {
          "type": "object",
          "required": [
            "native"
          ],
          "properties": {
            "native": {
              "type": "string"
            }
          },
          "additionalProperties": false
        },
        {
          "type": "object",
          "required": [
            "cw20"
          ],
          "properties": {
            "cw20": {
              "$ref": "#/definitions/Addr"
            }
          },
          "additionalProperties": false
        }
      ]
    },
    "Milliseconds": {
      "description": "Represents time in milliseconds.",
      "type": "integer",
      "format": "uint64",
      "minimum": 0.0
    },
    "Uint128": {
      "description": "A thin wrapper around u128 that is using strings for JSON encoding/decoding, such that the full u128 range can be used for clients that convert JSON numbers to floats, like JavaScript and jq.\n\n# Examples\n\nUse `from` to create instances of this and `u128` to get the value out:\n\n``` # use cosmwasm_std::Uint128; let a = Uint128::from(123u128); assert_eq!(a.u128(), 123);\n\nlet b = Uint128::from(42u64); assert_eq!(b.u128(), 42);\n\nlet c = Uint128::from(70u32); assert_eq!(c.u128(), 70); ```",
      "type": "string"
    }
  }
}
