{
  "contract_name": "andromeda-vfs",
  "contract_version": "1.0.0",
  "idl_version": "1.0.0",
  "instantiate": {
    "$schema": "http://json-schema.org/draft-07/schema#",
    "title": "InstantiateMsg",
    "type": "object",
    "required": [
      "kernel_address"
    ],
    "properties": {
      "kernel_address": {
        "description": "Address of the Kernel contract on chain",
        "type": "string"
      },
      "owner": {
        "type": [
          "string",
          "null"
        ]
      }
    },
    "additionalProperties": false
  },
  "execute": {
    "$schema": "http://json-schema.org/draft-07/schema#",
    "title": "ExecuteMsg",
    "oneOf": [
      {
        "type": "object",
        "required": [
          "add_path"
        ],
        "properties": {
          "add_path": {
            "type": "object",
            "required": [
              "address",
              "name"
            ],
            "properties": {
              "address": {
                "$ref": "#/definitions/Addr"
              },
              "name": {
                "type": "string",
                "pattern": "^[A-Za-z0-9.\\-_]{2,80}$"
              },
              "parent_address": {
                "anyOf": [
                  {
                    "$ref": "#/definitions/AndrAddr"
                  },
                  {
                    "type": "null"
                  }
                ]
              }
            },
            "additionalProperties": false
          }
        },
        "additionalProperties": false
      },
      {
        "type": "object",
        "required": [
          "add_symlink"
        ],
        "properties": {
          "add_symlink": {
            "type": "object",
            "required": [
              "name",
              "symlink"
            ],
            "properties": {
              "name": {
                "type": "string",
                "pattern": "^[A-Za-z0-9.\\-_]{2,80}$"
              },
              "parent_address": {
                "anyOf": [
                  {
                    "$ref": "#/definitions/AndrAddr"
                  },
                  {
                    "type": "null"
                  }
                ]
              },
              "symlink": {
                "$ref": "#/definitions/AndrAddr"
              }
            },
            "additionalProperties": false
          }
        },
        "additionalProperties": false
      },
      {
        "type": "object",
        "required": [
          "add_child"
        ],
        "properties": {
          "add_child": {
            "type": "object",
            "required": [
              "name",
              "parent_address"
            ],
            "properties": {
              "name": {
                "type": "string",
                "pattern": "^[A-Za-z0-9.\\-_]{2,80}$"
              },
              "parent_address": {
                "$ref": "#/definitions/AndrAddr"
              }
            },
            "additionalProperties": false
          }
        },
        "additionalProperties": false
      },
      {
        "type": "object",
        "required": [
          "register_user"
        ],
        "properties": {
          "register_user": {
            "type": "object",
            "required": [
              "username"
            ],
            "properties": {
              "address": {
                "anyOf": [
                  {
                    "$ref": "#/definitions/Addr"
                  },
                  {
                    "type": "null"
                  }
                ]
              },
              "username": {
                "type": "string",
                "maxLength": 30,
                "minLength": 3,
                "pattern": "^[a-z0-9]{2,30}$"
              }
            },
            "additionalProperties": false
          }
        },
        "additionalProperties": false
      },
      {
        "type": "object",
        "required": [
          "register_library"
        ],
        "properties": {
          "register_library": {
            "type": "object",
            "required": [
              "lib_address",
              "lib_name"
            ],
            "properties": {
              "lib_address": {
                "$ref": "#/definitions/Addr"
              },
              "lib_name": {
                "type": "string"
              }
            },
            "additionalProperties": false
          }
        },
        "additionalProperties": false
      },
      {
        "type": "object",
        "required": [
          "register_user_cross_chain"
        ],
        "properties": {
          "register_user_cross_chain": {
            "type": "object",
            "required": [
              "address",
              "chain"
            ],
            "properties": {
              "address": {
                "type": "string"
              },
              "chain": {
                "type": "string"
              }
            },
            "additionalProperties": false
          }
        },
        "additionalProperties": false
      },
      {
        "type": "object",
        "required": [
          "ownership"
        ],
        "properties": {
          "ownership": {
            "$ref": "#/definitions/OwnershipMessage"
          }
        },
        "additionalProperties": false
      }
    ],
    "definitions": {
      "Addr": {
        "description": "A human readable address.\n\nIn Cosmos, this is typically bech32 encoded. But for multi-chain smart contracts no assumptions should be made other than being UTF-8 encoded and of reasonable length.\n\nThis type represents a validated address. It can be created in the following ways 1. Use `Addr::unchecked(input)` 2. Use `let checked: Addr = deps.api.addr_validate(input)?` 3. Use `let checked: Addr = deps.api.addr_humanize(canonical_addr)?` 4. Deserialize from JSON. This must only be done from JSON that was validated before such as a contract's state. `Addr` must not be used in messages sent by the user because this would result in unvalidated instances.\n\nThis type is immutable. If you really need to mutate it (Really? Are you sure?), create a mutable copy using `let mut mutable = Addr::to_string()` and operate on that `String` instance.",
        "type": "string"
      },
      "AndrAddr": {
        "description": "An address that can be used within the Andromeda ecosystem. Inspired by the cosmwasm-std `Addr` type. https://github.com/CosmWasm/cosmwasm/blob/2a1c698520a1aacedfe3f4803b0d7d653892217a/packages/std/src/addresses.rs#L33\n\nThis address can be one of two things: 1. A valid human readable address e.g. `cosmos1...` 2. A valid Andromeda VFS path e.g. `/home/user/app/component`\n\nVFS paths can be local in the case of an app and can be done by referencing `./component` they can also contain protocols for cross chain communication. A VFS path is usually structured as so:\n\n`<protocol>://<chain (required if ibc used)>/<path>` or `ibc://cosmoshub-4/user/app/component`",
        "type": "string",
        "pattern": "(^((([A-Za-z0-9]+://)?([A-Za-z0-9.\\-_]{2,80}/)))?((~[a-z0-9]{2,}|(lib|home))(/[A-Za-z0-9.\\-_]{2,80}?)*(/)?)$)|(^(~[a-z0-9]{2,}|/(lib|home))(/[A-Za-z0-9.\\-_]{2,80}?)*(/)?$)|(^[a-z0-9]{2,}$)|(^\\.(/[A-Za-z0-9.\\-_]{2,40}?)*(/)?$)"
      },
      "Milliseconds": {
        "description": "Represents time in milliseconds.",
        "type": "integer",
        "format": "uint64",
        "minimum": 0.0
      },
      "OwnershipMessage": {
        "oneOf": [
          {
            "type": "string",
            "enum": [
              "revoke_ownership_offer",
              "accept_ownership",
              "disown"
            ]
          },
          {
            "type": "object",
            "required": [
              "update_owner"
            ],
            "properties": {
              "update_owner": {
                "type": "object",
                "required": [
                  "new_owner"
                ],
                "properties": {
                  "expiration": {
                    "anyOf": [
                      {
                        "$ref": "#/definitions/Milliseconds"
                      },
                      {
                        "type": "null"
                      }
                    ]
                  },
                  "new_owner": {
                    "$ref": "#/definitions/Addr"
                  }
                },
                "additionalProperties": false
              }
            },
            "additionalProperties": false
          }
        ]
      }
    }
  },
  "query": {
    "$schema": "http://json-schema.org/draft-07/schema#",
    "title": "QueryMsg",
    "oneOf": [
      {
        "type": "object",
        "required": [
          "resolve_path"
        ],
        "properties": {
          "resolve_path": {
            "type": "object",
            "required": [
              "path"
            ],
            "properties": {
              "path": {
                "$ref": "#/definitions/AndrAddr"
              }
            },
            "additionalProperties": false
          }
        },
        "additionalProperties": false
      },
      {
        "type": "object",
        "required": [
          "sub_dir"
        ],
        "properties": {
          "sub_dir": {
            "type": "object",
            "required": [
              "path"
            ],
            "properties": {
              "limit": {
                "type": [
                  "integer",
                  "null"
                ],
                "format": "uint32",
                "minimum": 0.0
              },
              "max": {
                "anyOf": [
                  {
                    "$ref": "#/definitions/SubDirBound"
                  },
                  {
                    "type": "null"
                  }
                ]
              },
              "min": {
                "anyOf": [
                  {
                    "$ref": "#/definitions/SubDirBound"
                  },
                  {
                    "type": "null"
                  }
                ]
              },
              "path": {
                "$ref": "#/definitions/AndrAddr"
              }
            },
            "additionalProperties": false
          }
        },
        "additionalProperties": false
      },
      {
        "type": "object",
        "required": [
          "paths"
        ],
        "properties": {
          "paths": {
            "type": "object",
            "required": [
              "addr"
            ],
            "properties": {
              "addr": {
                "$ref": "#/definitions/Addr"
              }
            },
            "additionalProperties": false
          }
        },
        "additionalProperties": false
      },
      {
        "type": "object",
        "required": [
          "get_username"
        ],
        "properties": {
          "get_username": {
            "type": "object",
            "required": [
              "address"
            ],
            "properties": {
              "address": {
                "$ref": "#/definitions/Addr"
              }
            },
            "additionalProperties": false
          }
        },
        "additionalProperties": false
      },
      {
        "type": "object",
        "required": [
          "get_library"
        ],
        "properties": {
          "get_library": {
            "type": "object",
            "required": [
              "address"
            ],
            "properties": {
              "address": {
                "$ref": "#/definitions/Addr"
              }
            },
            "additionalProperties": false
          }
        },
        "additionalProperties": false
      },
      {
        "type": "object",
        "required": [
          "resolve_symlink"
        ],
        "properties": {
          "resolve_symlink": {
            "type": "object",
            "required": [
              "path"
            ],
            "properties": {
              "path": {
                "$ref": "#/definitions/AndrAddr"
              }
            },
            "additionalProperties": false
          }
        },
        "additionalProperties": false
      },
      {
        "type": "object",
        "required": [
          "version"
        ],
        "properties": {
          "version": {
            "type": "object",
            "additionalProperties": false
          }
        },
        "additionalProperties": false
      },
      {
        "type": "object",
        "required": [
          "type"
        ],
        "properties": {
          "type": {
            "type": "object",
            "additionalProperties": false
          }
        },
        "additionalProperties": false
      },
      {
        "type": "object",
        "required": [
          "owner"
        ],
        "properties": {
          "owner": {
            "type": "object",
            "additionalProperties": false
          }
        },
        "additionalProperties": false
      },
      {
        "type": "object",
        "required": [
          "kernel_address"
        ],
        "properties": {
          "kernel_address": {
            "type": "object",
            "additionalProperties": false
          }
        },
        "additionalProperties": false
      }
    ],
    "definitions": {
      "Addr": {
        "description": "A human readable address.\n\nIn Cosmos, this is typically bech32 encoded. But for multi-chain smart contracts no assumptions should be made other than being UTF-8 encoded and of reasonable length.\n\nThis type represents a validated address. It can be created in the following ways 1. Use `Addr::unchecked(input)` 2. Use `let checked: Addr = deps.api.addr_validate(input)?` 3. Use `let checked: Addr = deps.api.addr_humanize(canonical_addr)?` 4. Deserialize from JSON. This must only be done from JSON that was validated before such as a contract's state. `Addr` must not be used in messages sent by the user because this would result in unvalidated instances.\n\nThis type is immutable. If you really need to mutate it (Really? Are you sure?), create a mutable copy using `let mut mutable = Addr::to_string()` and operate on that `String` instance.",
        "type": "string"
      },
      "AndrAddr": {
        "description": "An address that can be used within the Andromeda ecosystem. Inspired by the cosmwasm-std `Addr` type. https://github.com/CosmWasm/cosmwasm/blob/2a1c698520a1aacedfe3f4803b0d7d653892217a/packages/std/src/addresses.rs#L33\n\nThis address can be one of two things: 1. A valid human readable address e.g. `cosmos1...` 2. A valid Andromeda VFS path e.g. `/home/user/app/component`\n\nVFS paths can be local in the case of an app and can be done by referencing `./component` they can also contain protocols for cross chain communication. A VFS path is usually structured as so:\n\n`<protocol>://<chain (required if ibc used)>/<path>` or `ibc://cosmoshub-4/user/app/component`",
        "type": "string",
        "pattern": "(^((([A-Za-z0-9]+://)?([A-Za-z0-9.\\-_]{2,80}/)))?((~[a-z0-9]{2,}|(lib|home))(/[A-Za-z0-9.\\-_]{2,80}?)*(/)?)$)|(^(~[a-z0-9]{2,}|/(lib|home))(/[A-Za-z0-9.\\-_]{2,80}?)*(/)?$)|(^[a-z0-9]{2,}$)|(^\\.(/[A-Za-z0-9.\\-_]{2,40}?)*(/)?$)"
      },
      "SubDirBound": {
        "type": "object",
        "required": [
          "address",
          "name"
        ],
        "properties": {
          "address": {
            "$ref": "#/definitions/Addr"
          },
          "name": {
            "type": "string"
          }
        },
        "additionalProperties": false
      }
    }
  },
  "migrate": null,
  "sudo": null,
  "responses": {
    "get_library": {
      "$schema": "http://json-schema.org/draft-07/schema#",
      "title": "String",
      "type": "string"
    },
    "get_username": {
      "$schema": "http://json-schema.org/draft-07/schema#",
      "title": "String",
      "type": "string"
    },
    "kernel_address": {
      "$schema": "http://json-schema.org/draft-07/schema#",
      "title": "KernelAddressResponse",
      "type": "object",
      "required": [
        "kernel_address"
      ],
      "properties": {
        "kernel_address": {
          "$ref": "#/definitions/Addr"
        }
      },
      "additionalProperties": false,
      "definitions": {
        "Addr": {
          "description": "A human readable address.\n\nIn Cosmos, this is typically bech32 encoded. But for multi-chain smart contracts no assumptions should be made other than being UTF-8 encoded and of reasonable length.\n\nThis type represents a validated address. It can be created in the following ways 1. Use `Addr::unchecked(input)` 2. Use `let checked: Addr = deps.api.addr_validate(input)?` 3. Use `let checked: Addr = deps.api.addr_humanize(canonical_addr)?` 4. Deserialize from JSON. This must only be done from JSON that was validated before such as a contract's state. `Addr` must not be used in messages sent by the user because this would result in unvalidated instances.\n\nThis type is immutable. If you really need to mutate it (Really? Are you sure?), create a mutable copy using `let mut mutable = Addr::to_string()` and operate on that `String` instance.",
          "type": "string"
        }
      }
    },
    "owner": {
      "$schema": "http://json-schema.org/draft-07/schema#",
      "title": "ContractOwnerResponse",
      "type": "object",
      "required": [
        "owner"
      ],
      "properties": {
        "owner": {
          "type": "string"
        }
      },
      "additionalProperties": false
    },
    "paths": {
      "$schema": "http://json-schema.org/draft-07/schema#",
      "title": "Array_of_String",
      "type": "array",
      "items": {
        "type": "string"
      }
    },
    "resolve_path": {
      "$schema": "http://json-schema.org/draft-07/schema#",
      "title": "Addr",
      "description": "A human readable address.\n\nIn Cosmos, this is typically bech32 encoded. But for multi-chain smart contracts no assumptions should be made other than being UTF-8 encoded and of reasonable length.\n\nThis type represents a validated address. It can be created in the following ways 1. Use `Addr::unchecked(input)` 2. Use `let checked: Addr = deps.api.addr_validate(input)?` 3. Use `let checked: Addr = deps.api.addr_humanize(canonical_addr)?` 4. Deserialize from JSON. This must only be done from JSON that was validated before such as a contract's state. `Addr` must not be used in messages sent by the user because this would result in unvalidated instances.\n\nThis type is immutable. If you really need to mutate it (Really? Are you sure?), create a mutable copy using `let mut mutable = Addr::to_string()` and operate on that `String` instance.",
      "type": "string"
    },
    "resolve_symlink": {
      "$schema": "http://json-schema.org/draft-07/schema#",
      "title": "AndrAddr",
      "description": "An address that can be used within the Andromeda ecosystem. Inspired by the cosmwasm-std `Addr` type. https://github.com/CosmWasm/cosmwasm/blob/2a1c698520a1aacedfe3f4803b0d7d653892217a/packages/std/src/addresses.rs#L33\n\nThis address can be one of two things: 1. A valid human readable address e.g. `cosmos1...` 2. A valid Andromeda VFS path e.g. `/home/user/app/component`\n\nVFS paths can be local in the case of an app and can be done by referencing `./component` they can also contain protocols for cross chain communication. A VFS path is usually structured as so:\n\n`<protocol>://<chain (required if ibc used)>/<path>` or `ibc://cosmoshub-4/user/app/component`",
      "type": "string",
      "pattern": "(^((([A-Za-z0-9]+://)?([A-Za-z0-9.\\-_]{2,80}/)))?((~[a-z0-9]{2,}|(lib|home))(/[A-Za-z0-9.\\-_]{2,80}?)*(/)?)$)|(^(~[a-z0-9]{2,}|/(lib|home))(/[A-Za-z0-9.\\-_]{2,80}?)*(/)?$)|(^[a-z0-9]{2,}$)|(^\\.(/[A-Za-z0-9.\\-_]{2,40}?)*(/)?$)"
    },
    "sub_dir": {
      "$schema": "http://json-schema.org/draft-07/schema#",
      "title": "Array_of_PathDetails",
      "type": "array",
      "items": {
        "$ref": "#/definitions/PathDetails"
      },
      "definitions": {
        "Addr": {
          "description": "A human readable address.\n\nIn Cosmos, this is typically bech32 encoded. But for multi-chain smart contracts no assumptions should be made other than being UTF-8 encoded and of reasonable length.\n\nThis type represents a validated address. It can be created in the following ways 1. Use `Addr::unchecked(input)` 2. Use `let checked: Addr = deps.api.addr_validate(input)?` 3. Use `let checked: Addr = deps.api.addr_humanize(canonical_addr)?` 4. Deserialize from JSON. This must only be done from JSON that was validated before such as a contract's state. `Addr` must not be used in messages sent by the user because this would result in unvalidated instances.\n\nThis type is immutable. If you really need to mutate it (Really? Are you sure?), create a mutable copy using `let mut mutable = Addr::to_string()` and operate on that `String` instance.",
          "type": "string"
        },
        "PathDetails": {
          "type": "object",
          "required": [
            "address",
            "name"
          ],
          "properties": {
            "address": {
              "$ref": "#/definitions/Addr"
            },
            "name": {
              "type": "string"
            }
          },
          "additionalProperties": false
        }
      }
    },
    "type": {
      "$schema": "http://json-schema.org/draft-07/schema#",
      "title": "TypeResponse",
      "type": "object",
      "required": [
        "ado_type"
      ],
      "properties": {
        "ado_type": {
          "type": "string"
        }
      },
      "additionalProperties": false
    },
    "version": {
      "$schema": "http://json-schema.org/draft-07/schema#",
      "title": "VersionResponse",
      "type": "object",
      "required": [
        "version"
      ],
      "properties": {
        "version": {
          "type": "string"
        }
      },
      "additionalProperties": false
    }
  }
}
